epoch,lr,step,test_average_daily_return,test_cumulative_return,test_custom_loss,test_error_percentage,test_loss_days,test_mae,test_mse,test_total_profits,train_loss
8,NA,NA,0.001333648688159883,0.10814615339040756,22.788602828979492,1.8325897455215454,42.0,3.5303378105163574,17.73255729675293,20.783920288085938,NA
8,NA,NA,1.9968272681580856e-05,-0.0013411964755505323,93.98222351074219,4.507652759552002,24.0,8.396038055419922,85.61349487304688,-0.0478057861328125,NA
